age,birth_date,college,draft_pick,name,nationality,position,team
,1994-02-02,Southeast Missouri State University,,Antonius Cleveland,American,,"Lokomotiv Kuban||Portland Trail Blazers||Golden State Warriors (training camp)||Dallas Mavericks||Santa Cruz Warriors||Chicago Bulls||Atlanta Hawks||Oklahoma City Thunder (waived)||Illawarra Hawks||Chicago Bulls (claimed off waivers)||Santa Cruz Warriors (2018-19 season)||Dallas Mavericks (2019, two-way contract)||Oklahoma City Blue||Adelaide 36ers||Maccabi Tel Aviv"
,1959-06-10,Michigan State University,24.0,Jay Fletcher Vincent,United States,forward,Dallas Mavericks||Washington Bullets||Denver Nuggets||San Antonio Spurs||Philadelphia 76ers||Los Angeles Lakers
,1994-04-25,,,Nikola Radičević,Serbian,point guard,Cedevita Olimpija
,1922-09-09,Notre Dame,,Francis Hugh Curran Sr.,American,,Rochester Royals
,1964-02-15,Georgia Tech,,William Mark Price,American,,Charlotte 49ers||Cleveland Cavaliers||Dallas Mavericks||Golden State Warriors||Orlando Magic
,1994-06-06,,,David Michineau,French,,Bursaspor Basketbol (Basketbol Süper Ligi)||ES Chalon-Sur-Saône (Pro A)||Hyères-Toulon||Levallois Metropolitans||New Orleans Pelicans (NBA)||Los Angeles Clippers (NBA Summer League)||Sacramento Kings (NBA)||Brooklyn Nets (NBA)
,1997-08-07,Alabama Crimson Tide,,Donta Hall,American-born naturalized Azerbaijani,,Saski Baskonia
,,University of Nebraska,,Erick Strickland,,,Dallas Mavericks||New York Knicks||Vancouver Grizzlies||Boston Celtics||Indiana Pacers||Milwaukee Bucks
,1943-12-23,Texas Western College,,David Lattin,American,center,Texas Western Miners||Phoenix Suns||Pittsburgh Condors||Memphis Tams||Harlem Globe Trotters
,1942-09-07,University of Connecticut,,Thomas Kimball,,power forward/center,Boston Celtics||San Diego Rockets||Milwaukee Bucks||Kansas City Kings||Philadelphia 76ers||New Orleans Jazz
,1974-08-03,University of Missouri,,Derek Grimm,American,forward,Sacramento Kings||Dakota Wizards||Gary Steelheads
,,,,Anthony Davis,,,New Orleans Pelicans||Los Angeles Lakers
,1987-10-05,Brentwood Academy,,Brandan Keith Wright,American,,
,1971-12-03,Kansas State University,,Askia Jones,American-Venezuelan,shooting guard,
,1990-08-17,"Millennium High School in Goodyear, Arizona",,Carrick Felix,American,,Cleveland Cavaliers||Utah Jazz||Santa Cruz Warriors||Long Island Nets||Washington Wizards||Melbourne United
,1988-06-01,Jesuit High School||Santa Margarita Catholic High School||Stoneridge Prep,,Mychel Thompson,,,Pepperdine University||Erie BayHawks||Cleveland Cavaliers||New York Knicks||Sioux Falls Skyforce||Santa Cruz Warriors||Minnesota Timberwolves
,1950-01-29,Utah State University,,Marv Roberts,American,,
,1959-09-19,Pan American University,11.0,"Kenneth ""Apple"" Green",American,,New York Knicks||Denver Nuggets||Portland Trail Blazers
,1969-04-18,"University of California, Los Angeles (UCLA)",,Gerald Madkins Jr.,American,,"New York Knicks||Cleveland Cavaliers||Miami Heat||Golden State Warriors||Grand Rapids Hoops||Rockford Lightning||Spain||France||California State University, Stanislaus||UCLA Bruins||New Orleans Hornets||Los Angeles Clippers"
,1930-11-01,Southwest Missouri State University,,Donald Robert Anielak,American,,New York Knicks||St. Peter's High||Ramsey Illinois||Williamsville||Koshkonong High School||North Boone High School
,1945-09-17,,,Phil Jackson,,,
,1969-10-18,Seton Hall University,,Anthony Avent,American,,Atlanta Hawks||Milwaukee Bucks||Orlando Magic||Vancouver Grizzlies||Utah Jazz||Los Angeles Clippers||Panathinaikos||PAOK BC
,1990-07-12,"UCLA Bruins, New Mexico Lobos",,Drew Gordon,American,"Power Forward, Center","Philadelphia 76ers, Dallas Mavericks, Delaware 87ers, Champagne Châlons-Reims, Lietuvos rytas, Zenit Saint Petersburg, Brooklyn Nets (G League), Stelmet Zielona Góra, Avtodor, Lokomotiv Kuban, Rizing Zephyr Fukuoka"
,1983-10-28,Georgia Tech,,Jarrett Jack,American,,
,1973-08-22,Thomas More College,,Rick Hughes,American,,
,1989-02-04,Temple University,,Lavoy Allen,American,,
,,Duquesne,,Ed Dahler,American,,Philadelphia Warriors
,,,,Earvin Johnson Jr.,,,
,,,,Stanley M. Noszka,,,Youngstown Bears||Pittsburgh Ironmen||Boston Celtics
,,Indiana University,,Isiah Thomas,American,,Detroit Pistons||Indiana Pacers||New York Knicks||FIU||Toronto Raptors||NBA TV
,"January 1, 1951",,,Daniel Edward Anderson,American,,"{""ABA"": ""San Diego Conquistadors (1974)"", ""NBA"": ""Portland Trail Blazers (1974-1976)""}"
,,,,Jahlil Okafor,Nigerian-American,,
,1959-12-20,University of Minnesota,,Trent Tucker,American,shooting guard,New York Knicks||San Antonio Spurs||Chicago Bulls
,1968-10-14,University of Florida,,Dwayne Kenneth Schintzius,American,,San Antonio Spurs||Sacramento Kings||New Jersey Nets||Indiana Pacers||Los Angeles Clippers||Boston Celtics||Mobile Revelers||Brevard Blue Ducks
,1975-11-21,University of Arizona,,Miles Julian Simon,"American (father), Norwegian (mother)",Guard,Phoenix Suns||Orlando Magic||Dakota Wizards||South Bay Lakers
,1935-09-01,Temple University,,Guy William Rodgers,American,,Philadelphia Warriors||Chicago Bulls||Milwaukee Bucks
,1965-09-12,University of Florida,,Vernon Maxwell,American,,Houston Rockets||San Antonio Spurs||Denver Nuggets
,1976-04-25,,,Tim Duncan,American,Power Forward,San Antonio Spurs
,1964-05-14,St. John's University,,Walter Berry,American,power forward,Portland Trail Blazers||San Antonio Spurs
,1930-08-29,Stanford University,,James Patrick Walsh,American,forward,Philadelphia Warriors
,1974-01-28,University of Kentucky,16.0,Tony Delk,American,,Charlotte Hornets||Golden State Warriors||Sacramento Kings||Dallas Mavericks||Atlanta Hawks||Detroit Pistons||Panathinaikos
,,,,Calvin Ramsey,,,New York Knicks||St. Louis Hawks
,1930-02-17,,,Eugene Walter Dyker,,forward,Milwaukee Hawks
,1967-07-03,University of Missouri,,Derrick Joseph Chievous,,small forward,
,1966-08-23,Marist College,,Rik Smits,Dutch,,Indiana Pacers
,1998-08-05,Georgia,1.0,Anthony Edwards,American,Shooting Guard,Minnesota Timberwolves
,,,,Harry Gallatin,American,,
,,New York University,,James J. Brasco,,,Syracuse Nationals||Milwaukee Hawks
,1949-08-29,San Jose State University,,Darnell Hillman,,,Golden State Warriors||Indiana Pacers||New Jersey Nets||Denver Nuggets||Kansas City Kings
,,,,Larry Robinson,Canadian,defenceman,Montreal Canadiens||Los Angeles Kings||New Jersey Devils||St. Louis Blues
,1989-02-07,Florida Gators,,Nicholas William Calathes,Greek-American,Point Guard||Shooting Guard||Small Forward,AS Monaco
,1952-03-11,Seattle University,,Rod Derline,,guard,Seattle SuperSonics
,1972-10-04,Texas Christian University,,Kurt Vincent Thomas,American,power forward-center,
,1988-09-29,Texas Longhorns,,Kevin Durant,American,,Phoenix Suns||Golden State Warriors||Brooklyn Nets
,1971-10-02,Xavier University,,Aaron Williams,American,power forward||center,Utah Jazz||Milwaukee Bucks||Denver Nuggets||Vancouver Grizzlies||Seattle SuperSonics||Washington Wizards||New Jersey Nets||Toronto Raptors||New Orleans/Oklahoma City Hornets||Los Angeles Clippers
,1975-04-02,Lakeview High School||Lansing Community College||Central Michigan University,,Nathaniel Thomas Huffman,,,Maccabi Tel Aviv||Los Angeles Clippers||Idaho Stampede||Baloncesto Fuenlabrada||Toronto Raptors
,,Oregon State University,,Freddie L. Boyd,American,,Philadelphia 76ers||New Orleans Jazz
,1963-12-14,Memphis State University,,William Bedford,American,center,Phoenix Suns||Detroit Pistons||San Antonio Spurs
,1969-03-31,Michigan State,5.0,Steve Smith,American,,Miami Heat||Portland Trail Blazers||San Antonio Spurs||New Orleans Hornets||Charlotte Bobcats
,1972-02-06,Michigan State,,Shawn Christopher Respert,American,,Portland Trail Blazers||Milwaukee Bucks||Toronto Raptors||Dallas Mavericks||Phoenix Suns||Los Angeles Lakers||Adecco Milano (Italy)||Fillattice Imola (Italy)||Spójnia Stargard Szczeciński (Poland)
,1966-07-11,DePaul University,,Rod Strickland,American,,
,1929-02-03,Bradley University,,Elmer H. Behnke,,,Rochester Royals||Milwaukee Hawks
,1997-07-09,Penn State Nittany Lions,,Lamar Brandon Stevens,American,,Memphis Grizzlies
,1988-07-14,Plymouth-Whitemarsh High School,,Ronald Moore,American,,Debreceni EAC
,,Union Olimpija,,Erazem Lorbek,Slovenian,power forward||center,"FC Barcelona||Fortitudo Bologna||Lottomatica Roma||CSKA Moscow||Skipper Bologna (2003-2004)||Climamio Bologna (2004-2006)||Unicaja Málaga (loan to Benetton Treviso, voided in 2007)||Petrol Olimpija (Slovenia)"
,1919-03-23,Loyola University in Chicago,,Marvin 'Mickey' Rottner,American,guard,Sheboygan Red Skins||Chicago Stags
,,,,Hamidou Diallo,American,,Capital City Go-Go
,1986-08-31,,,"Dewayne 'D. J.' White, Jr.",,,Oklahoma City Blue||Tulsa 66ers||Oklahoma City Thunder||Charlotte Bobcats||Boston Celtics||Brooklyn Nets||Chicago Bulls||Sichuan Blue Whales||Laboral Kutxa Vitoria||Fujian Sturgeons||Cleveland Cavaliers||Auxilium CUS Torino||Tofaş
,1965-09-27,Arizona Wildcats,,Stephen Douglas Kerr,American,,Phoenix Suns||Cleveland Cavaliers||Orlando Magic||Chicago Bulls||San Antonio Spurs||Portland Trail Blazers||Golden State Warriors
,1968-10-03,"UCLA, UTEP",,Gregory Clinton Foster,American,center–power forward,"Indiana Pacers, Washington Bullets, Atlanta Hawks, Milwaukee Bucks, Chicago Bulls, Minnesota Timberwolves, Utah Jazz, Seattle SuperSonics, Los Angeles Lakers, Toronto Raptors"
,1944-08-08,,,William Severlyn Hewitt,American,forward,Los Angeles Lakers||Detroit Pistons||Buffalo Braves||Chicago Bulls
,1981-03-23,North Carolina,,Joseph Xavier Forte,American,,Boston Celtics||Seattle SuperSonics||Asheville Altitude||Team Certified||Apollon Patras||Montepaschi Siena||UNICS Kazan||Fortitudo Bologna||Snaidero Udine||Nuova Pallacanestro Pavia||Petrochimi Bandar Imam BC
,,,,Dino Rađa,Croatian,,"{'team': 'Panathinaikos', 'year': 1998}||{'team': 'Split', 'year': None}||{'team': 'Jugoplastika', 'year': None}||{'team': 'Boston Celtics', 'year': 1989}||{'team': 'Yugoslavian national team', 'year': [1988, 1987]}||{'team': 'Croatian national team', 'year': [1992, 1993, 1994, 1995]}||{'team': 'Zadar', 'year': None}||{'team': 'Olympiacos', 'year': None}"
,1959-07-05,Oregon State University,,Mark Jeffrey Radford,American,,Seattle SuperSonics
,,,,Konstantinos Papanikolaou,Greek,small forward,Olympiacos||FC Barcelona||Houston Rockets||Denver Nuggets
,1959-07-03,,,Garrett David Witts,American,,Washington Bullets
,"July 30, 2002",Colorado Buffaloes,,Jabari Dominic Walker,,,Portland Trail Blazers
,1996-10-08,UNC Wilmington,,Devontae Cacok,American,,Virtus Bologna
,,"UCF Knights, Florida Gulf Coast Eagles",,Brandon Goodwin,American,point guard,"Memphis Hustle, Denver Nuggets"
,"January 20, 1933",Notre Dame,,Richard Anthony Rosenthal,American,NBA forward,Fort Wayne Pistons||Notre Dame men's basketball team
,1980-03-20,Rainier Beach High School,,Aaron Jamal Crawford,,,Oklahoma City Thunder||Chicago Bulls||New York Knicks||Golden State Warriors||Atlanta Hawks||Los Angeles Clippers||Portland Trail Blazers||Minnesota Timberwolves||Phoenix Suns||Brooklyn Nets
,1988-10-23,Indiana University||Xavier University,,Jordan Lee Crawford,American,,Sichuan Blue Whales||Indiana University||Xavier University||New Jersey Nets||Atlanta Hawks||Washington Wizards||Boston Celtics||Golden State Warriors||Miami Heat||Chicago Bulls||Fort Wayne Mad Ants||Dallas Mavericks||Tianjin Ronggang||Grand Rapids Drive||New Orleans Pelicans||Ironi Nahariya||Brose Bamberg||Lokomotiv Kuban||Galatasaray||Long Island Nets
,1964-10-30,Marquette Warriors,44.0,Thomas James Copa,American,,
,1951-09-17,,,Kermit Alan Washington,,,
,,,,Donyell Lamar Marshall,,,
,,University of Minnesota,,Wayne Lavern Robinson,,linebacker,Philadelphia Eagles||Winnipeg Blue Bombers||British Columbia Lions||University of Iowa||Houston Oilers||Green Bay Packers||Atlanta Falcons
,"March 7, 1947",Cheyney University of Pennsylvania,,Gregory Paul Fillmore,,center,New York Knicks
,,,,John Harding Lucas II,American,,
,1929-11-16,Long Island||John Marshall College,,Richard Clifford Surhoff Jr.,American,,New York Knicks||Milwaukee Hawks
,1945-11-18,,,Garfield Smith,American,,Boston Celtics
,,,,Leroy Chollet,American,,
,1991-10-10,Syracuse Orange,,Michael Carter-Williams,American,,Philadelphia 76ers||Milwaukee Bucks||Chicago Bulls||Charlotte Hornets||Houston Rockets||Orlando Magic||Capitanes de Ciudad de México
,1993-09-15,,,Dennis Schröder,German,Point Guard,Brooklyn Nets||Oklahoma City Thunder||Atlanta Hawks||Los Angeles Lakers||Boston Celtics||Houston Rockets||Toronto Raptors
,,Kansas State University,,Jack Parr,,,Cincinnati Royals
,,Tennessee State University,,Monti Davis,American,,Philadelphia 76ers||Dallas Mavericks
,1966-02-07,,,Eric Johnson Jones,American-Spanish,,Utah Jazz
,1925-10-08,New York University,,Sidney Harold Tanenbaum,American,guard/forward,New York Knicks||Baltimore Bullets
,,Indiana,,Trayce Jackson-Davis,American,Power Forward/Center,Golden State Warriors
,,,,Andre Drummond,American,Center,Philadelphia 76ers||Cleveland Cavaliers||Los Angeles Lakers||Brooklyn Nets||Chicago Bulls
,,Sunrise Christian Academy,6.0,Buddy Hield,Bahamian,Guard,Golden State Warriors
,1996-02-23,Ohio State Buckeyes,,D'Angelo Russell,American,Point Guard,Los Angeles Lakers||Brooklyn Nets||Minnesota Timberwolves||Golden State Warriors||Los Angeles Lakers
,1994-03-16,"Montverde Academy, The Rock School",,Joel Embiid,Cameroonian-American,Center,Philadelphia 76ers
,,,,Paul George,American,,Philadelphia 76ers
,,Duke,,Kyrie Irving,American,Point Guard,"Cleveland Cavaliers (2011-2019), Boston Celtics (2017-present)"
,,,,Jayson Christopher Tatum,American,Small Forward,Boston Celtics
,,,,Caleb Martin,American,small forward,Philadelphia 76ers
,1995-02-23,Kansas,,Andrew Christian Wiggins,Canadian,,Golden State Warriors
,2001-02-26,Rice,,Max Fiedler,American,,Philadelphia 76ers
,1997-07-17,,,OG Anunoby Jr.,British,,Toronto Raptors||New York Knicks
,1996-10-24,"University of California, Berkeley",,Jaylen Marselles Brown,,Shooting Guard||Small Forward,Boston Celtics
,,,,Victor Wembanyama,French,Center,San Antonio Spurs
,,UCLA,17.0,Jrue Holiday,American,Point Guard,Boston Celtics
,1998-05-29,Wichita State||Oklahoma,,Austin Reaves,American,,Los Angeles Lakers
,1988-09-07,UCLA,,Kevin Love,American,,Miami Heat||Cleveland Cavaliers||Minnesota Timberwolves
,1994-12-06,,,Giannis Antetokounmpo,Greek and Nigerian,forward (sometimes described as a point forward),Milwaukee Bucks
,,,,Stephen Curry,,,
,,,,Al Horford,Dominican Republic,Basketball Player,"{'Boston Celtics': [{'year': 2016, 'role': 'Free Agent'}, {'year': 2016, 'role': 'Debut'}, {'year': 2017, 'role': 'Regular Season'}, {'year': 2018, 'role': 'Regular Season'}, {'year': 2019, 'role': 'Regular Season'}, {'year': 2021, 'role': 'Trade'}], 'Atlanta Hawks': [{'year': 2007, 'role': 'Drafted'}, {'year': 2008, 'role': 'Season 1'}, {'year': 2009, 'role': 'Season 2'}, {'year': 2010, 'role': 'Season 3'}, {'year': 2011, 'role': 'Season 4'}, {'year': 2012, 'role': 'Season 5'}, {'year': 2013, 'role': 'Season 6'}, {'year': 2014, 'role': 'Season 7'}, {'year': 2015, 'role': 'Season 8'}, {'year': 2016, 'role': 'Season 9'}], 'Philadelphia 76ers': [{'year': 2019, 'role': 'Free Agent'}, {'year': 2019, 'role': 'Debut'}], 'Oklahoma City Thunder': [{'year': 2020, 'role': 'Trade'}]}"
,2000-01-20,Kentucky,,Tyler Christopher Herro,American,point guard||shooting guard,Miami Heat
,,,,,,,
,1993-09-20,UCLA Bruins,,Kyle Anderson (basketball),American-Chinese,,San Antonio Spurs
,1998-09-25,Bowie High School||Montverde Academy,,Cade Cunningham,American,Point Guard,Detroit Pistons
,1984-12-30,St. Vincent–St. Mary High School,,LeBron James,American,shooting guard,Los Angeles Lakers
,1989-09-14,"Tyler Junior College, Marquette University",,Jimmy Butler,American,,Miami Heat
,,,,Kevon Looney,American,Center,Golden State Warriors
,1995-03-10,UCLA,,Zach LaVine,American,Point Guard,Chicago Bulls
,,,,Jaden Edward Dhananjay Ivey,American,,
,1986-03-25,Villanova,,Kyle Lowry,American,Point Guard,Memphis Grizzlies||Houston Rockets||Toronto Raptors||Miami Heat||Charlotte Hornets||Philadelphia 76ers
,1963-02-17,University of North Carolina at Chapel Hill,3.0,Michael Jeffrey Jordan,,,Chicago Bulls
,,,,Devin Booker,,,Phoenix Suns
,,Michigan State,,Draymond Jamal Green,American,Power Forward,Golden State Warriors
,1997-11-19,Gonzaga Bulldogs,,Zach Collins,American,center,San Antonio Spurs
,2002-10-06,,,Jonathan Kuminga,Congolese,,Golden State Warriors
,,UCLA,,Lonzo Anderson Ball,American,Point Guard,Chicago Bulls
,1999-02-18,UCLA Bruins,18.0,Jaime Jaquez Jr.,Mexican-American (dual citizen),,Miami Heat
,,,,Ausar XLNC Thompson,American,,Detroit Pistons
,1996-08-31,Villanova University,,Jalen Marquis Brunson,American,,New York Knicks
,,,,Shaquille O'Neal,,,
,,,,Kobe Bryant,,,Los Angeles Lakers
,1985-05-06,Wake Forest University,,Chris Paul,American,Point Guard,San Antonio Spurs||New Orleans Hornets||Los Angeles Clippers||Houston Rockets||Oklahoma City Thunder
,1992-05-30,North Carolina Tar Heels,,Harrison Bryce Jordan Barnes,American,,San Antonio Spurs||Golden State Warriors||Dallas Mavericks||Sacramento Kings||Chicago Bulls||San Antonio Spurs
,1997-07-18,"Northside High School (Pinetown), High Point Christian Academy",,Bam Adebayo,Nigerian-American,,Miami Heat
