name,nationality,age,team
Antonius Cleveland,USA,,Lokomotiv Kuban
Toby Kimball,USA,,Boston Celtics||San Diego Rockets||Milwaukee Bucks||Kansas City Kings||Philadelphia 76ers||New Orleans Jazz
Buddy Hield,Bahamian||USA,31,Golden State Warriors
D'Angelo Russell,USA,28,Los Angeles Lakers
,,,
,,,
,,,
,,,
Caleb Martin,USA,,Philadelphia 76ers
,Canada||USA,29,Golden State Warriors
Max Fiedler,USA,,Philadelphia 76ers
OG Anunoby,British||Nigerian,,New York Knicks
William Derek Grimm,USA,,Sacramento Kings
Jaylen Brown,USA,27,Boston Celtics
,,,
Jrue Holiday,USA,,Boston Celtics
Austin Tyler Reaves,USA,,Los Angeles Lakers
,,,
,Greece||Nigeria,30,Milwaukee Bucks
,,,
Al Horford,Dominican Republic||USA,38,Boston Celtics
Tyler Herro,USA,24,Miami Heat
,USA,29,Miami Heat
,,,
Kyle Anderson,American-Chinese,,Golden State Warriors
Cade Cunningham,USA,,Detroit Pistons
,,,
,,,
Kevon Looney,USA,,Golden State Warriors
Zach LaVine,USA,,Chicago Bulls
Jaden Ivey,USA,,Detroit Pistons
Kyle Lowry,USA||Canada,,Philadelphia 76ers
,,,
,,,
Brandan Wright,USA,,
,,,
description.name,USA,,San Antonio Spurs
Jonathan Kuminga,Congolese||French,21,Golden State Warriors
,USA,26,Chicago Bulls
Jaime Jaquez Jr.,Mexican-American||Norway,22,Miami Heat
Ausar Thompson,USA,20,Detroit Pistons
,,,
,,,
,,,
,,,
Askia Jones,American-Venezuelan,,
Harrison Barnes,USA,,San Antonio Spurs
Bam Adebayo,USA||Nigeria,26,Miami Heat
Carrick Felix,USA,,
Mychel Thompson,USA,,
Marvin Roberts,USA,,Los Angeles Lakers
Ken Green,USA,,New York Knicks
Gerald Madkins Jr.,USA,,Los Angeles Clippers
Jay Vincent,USA,,Los Angeles Lakers
Don Anielak,USA,,New York Knicks
,USA,,
Anthony Avent,USA,,
Drew Gordon,USA,33,
Jarrett Jack,USA,,Detroit Pistons
Rick Hughes,USA||France,,
Lavoy Allen,USA,,
Ed Dahler,USA,,Philadelphia Warriors
,,,
Stan Noszka,,,Youngstown Bears||Pittsburgh Ironmen||Boston Celtics
Nikola Radičević,Serbia||,,Cedevita Olimpija
,,,
Daniel Edward Anderson,USA,,Portland Trail Blazers
Jahlil Okafor,Nigerian-American,,Capitanes de Arecibo
Trent Tucker,USA,,
Dwayne Schintzius,USA,,
Miles Simon,USA||Sweden,,Phoenix Suns
Guy William Rodgers,USA,65,
Vernon Maxwell,USA,,
,,,
Walter Berry,USA,,
Fran Curran,USA,,Rochester Royals
James Patrick Walsh,USA,,Philadelphia Warriors
Tony Delk,USA,,
Calvin Ramsey,USA,,New York Knicks
Gene Dyker,USA,,Milwaukee Hawks
Derrick Chievous,USA,,
Rik Smits,Dutch,,Indiana Pacers
Anthony Edwards,USA,23,Minnesota Timberwolves
Harry Gallatin,USA,,New York Knicks
Jim Brasco,USA,,Syracuse Nationals||Milwaukee Hawks
Darnell Hillman,,,Indiana Pacers
Mark Price,USA,,Charlotte 49ers
Larry Robinson,Canada,,St. Louis Blues
Nick Calathes,Greek-American||Greece,,AS Monaco
Rod Derline,,,Seattle SuperSonics
Kurt Thomas,USA,,
,,,
Aaron Williams,USA,,Los Angeles Clippers
Nate Huffman,USA,,Maccabi Tel Aviv
Fred Boyd,USA,73,
William Bedford,USA,,
Steve Smith,USA,,
David Michineau,France||,,Bursaspor Basketbol
Shawn Christopher Respert,USA,,Los Angeles Lakers
Rod Strickland,USA,,
Elmer Behnke,USA,,Milwaukee Hawks
Lamar Stevens,USA,,Memphis Grizzlies
Ronald Moore,USA,,Debreceni EAC
Erazem Lorbek,Slovenia,,
"Marvin ""Mickey"" Rottner",USA,,Chicago Stags
Hamidou Diallo,USA||Guinea,,Capital City Go-Go
"Dewayne ""D. J."" White, Jr.",,,Oklahoma City Blue
Steve Kerr,USA,58,Golden State Warriors
Donta Hall,USA||Azerbaijan,,Saski Baskonia
Gregory Clinton Foster,USA,,Indiana Pacers
Bill Hewitt,USA,,Los Angeles Lakers||Detroit Pistons||Buffalo Braves||Chicago Bulls
Joseph Forte,USA,,
Dino Rađa,Croatia||,,
Mark Radford,USA,,Seattle SuperSonics
Kostas Papanikolaou,Greek||,33,Olympiacos
Garry Witts,USA,,Washington Bullets
Jabari Walker,USA,,Portland Trail Blazers
Devontae Cacok,USA,,Virtus Bologna
Brandon Goodwin,USA,,Gigantes de Carolina
Erick Strickland,USA,,
Dick Rosenthal,USA,91,Fort Wayne Pistons
Jamal Crawford,USA,,
Jordan Lee Crawford,USA,,Sichuan Blue Whales
Tom Copa,USA,,La Crosse Bobcats
Kermit Washington,USA,,Los Angeles Lakers (last NBA team)
Donyell Marshall,USA,,Greensboro Swarm
Wayne Robinson,USA,,Philadelphia Eagles
Greg Fillmore,USA,,New York Knicks
John Lucas II,USA,,Houston Rockets
Dick Surhoff,USA,,New York Knicks||Milwaukee Hawks
Dave Lattin,USA,,
Garfield Smith,USA,,Boston Celtics
Leroy Patrick Chollet,USA||,,Syracuse Nationals
Michael Carter-Williams,USA,,Capitanes de Ciudad de México
Dennis Schröder,Germany||,,Brooklyn Nets
Jack Parr,USA,,Cincinnati Royals
Monti Davis,USA,,Philadelphia 76ers
Eric Johnson,USA||Spain,,Utah Jazz
Sidney Harold Tanenbaum,USA,,New York Knicks||Baltimore Bullets
Trayce Jackson-Davis,USA,,Golden State Warriors
Andre Jamal Drummond,USA||Jamaica,,Philadelphia 76ers
